IMDb Rank,Movie Title,Google Query URL
1,The Shawshank Redemption,https://www.google.com/search?&q=the+shawshank+redemption+watch+movie
2,The Godfather,https://www.google.com/search?&q=the+godfather+watch+movie
3,The Godfather: Part II,https://www.google.com/search?&q=the+godfather+part+ii+watch+movie
4,The Dark Knight,https://www.google.com/search?&q=the+dark+knight+watch+movie
5,12 Angry Men,https://www.google.com/search?&q=12+angry+men+watch+movie
6,Schindler's List,https://www.google.com/search?&q=schindlers+list+watch+movie
7,The Lord of the Rings: The Return of the King,https://www.google.com/search?&q=the+lord+of+the+rings+the+return+of+the+king+watch+movie
8,Pulp Fiction,https://www.google.com/search?&q=pulp+fiction+watch+movie
9,"The Good, the Bad and the Ugly",https://www.google.com/search?&q=the+good+the+bad+and+the+ugly+watch+movie
10,The Lord of the Rings: The Fellowship of the Ring,https://www.google.com/search?&q=the+lord+of+the+rings+the+fellowship+of+the+ring+watch+movie
11,Fight Club,https://www.google.com/search?&q=fight+club+watch+movie
12,Forrest Gump,https://www.google.com/search?&q=forrest+gump+watch+movie
13,Inception,https://www.google.com/search?&q=inception+watch+movie
14,Star Wars: Episode V - The Empire Strikes Back,https://www.google.com/search?&q=star+wars+episode+v+-+the+empire+strikes+back+watch+movie
15,The Lord of the Rings: The Two Towers,https://www.google.com/search?&q=the+lord+of+the+rings+the+two+towers+watch+movie
16,The Matrix,https://www.google.com/search?&q=the+matrix+watch+movie
17,Goodfellas,https://www.google.com/search?&q=goodfellas+watch+movie
18,One Flew Over the Cuckoo's Nest,https://www.google.com/search?&q=one+flew+over+the+cuckoos+nest+watch+movie
19,Seven Samurai,https://www.google.com/search?&q=seven+samurai+watch+movie
20,Se7en,https://www.google.com/search?&q=se7en+watch+movie
21,Life Is Beautiful,https://www.google.com/search?&q=life+is+beautiful+watch+movie
22,City of God,https://www.google.com/search?&q=city+of+god+watch+movie
23,The Silence of the Lambs,https://www.google.com/search?&q=the+silence+of+the+lambs+watch+movie
24,It's a Wonderful Life,https://www.google.com/search?&q=its+a+wonderful+life+watch+movie
25,Star Wars: Episode IV - A New Hope,https://www.google.com/search?&q=star+wars+episode+iv+-+a+new+hope+watch+movie
26,Saving Private Ryan,https://www.google.com/search?&q=saving+private+ryan+watch+movie
27,Parasite,https://www.google.com/search?&q=parasite+watch+movie
28,Spirited Away,https://www.google.com/search?&q=spirited+away+watch+movie
29,The Green Mile,https://www.google.com/search?&q=the+green+mile+watch+movie
30,Interstellar,https://www.google.com/search?&q=interstellar+watch+movie
31,Léon: The Professional,https://www.google.com/search?&q=léon+the+professional+watch+movie
32,The Usual Suspects,https://www.google.com/search?&q=the+usual+suspects+watch+movie
33,Harakiri,https://www.google.com/search?&q=harakiri+watch+movie
34,The Lion King,https://www.google.com/search?&q=the+lion+king+watch+movie
35,American History X,https://www.google.com/search?&q=american+history+x+watch+movie
36,The Pianist,https://www.google.com/search?&q=the+pianist+watch+movie
37,Terminator 2: Judgment Day,https://www.google.com/search?&q=terminator+2+judgment+day+watch+movie
38,Back to the Future,https://www.google.com/search?&q=back+to+the+future+watch+movie
39,Modern Times,https://www.google.com/search?&q=modern+times+watch+movie
40,Psycho,https://www.google.com/search?&q=psycho+watch+movie
41,Gladiator,https://www.google.com/search?&q=gladiator+watch+movie
42,City Lights,https://www.google.com/search?&q=city+lights+watch+movie
43,The Departed,https://www.google.com/search?&q=the+departed+watch+movie
44,The Intouchables,https://www.google.com/search?&q=the+intouchables+watch+movie
45,Whiplash,https://www.google.com/search?&q=whiplash+watch+movie
46,The Prestige,https://www.google.com/search?&q=the+prestige+watch+movie
47,Once Upon a Time in the West,https://www.google.com/search?&q=once+upon+a+time+in+the+west+watch+movie
48,Grave of the Fireflies,https://www.google.com/search?&q=grave+of+the+fireflies+watch+movie
49,Casablanca,https://www.google.com/search?&q=casablanca+watch+movie
50,Cinema Paradiso,https://www.google.com/search?&q=cinema+paradiso+watch+movie
51,Rear Window,https://www.google.com/search?&q=rear+window+watch+movie
52,Joker,https://www.google.com/search?&q=joker+watch+movie
53,Alien,https://www.google.com/search?&q=alien+watch+movie
54,Apocalypse Now,https://www.google.com/search?&q=apocalypse+now+watch+movie
55,Memento,https://www.google.com/search?&q=memento+watch+movie
56,Raiders of the Lost Ark,https://www.google.com/search?&q=raiders+of+the+lost+ark+watch+movie
57,The Great Dictator,https://www.google.com/search?&q=the+great+dictator+watch+movie
58,The Lives of Others,https://www.google.com/search?&q=the+lives+of+others+watch+movie
59,Django Unchained,https://www.google.com/search?&q=django+unchained+watch+movie
60,Paths of Glory,https://www.google.com/search?&q=paths+of+glory+watch+movie
61,The Shining,https://www.google.com/search?&q=the+shining+watch+movie
62,Avengers: Infinity War,https://www.google.com/search?&q=avengers+infinity+war+watch+movie
63,WALL·E,https://www.google.com/search?&q=wall·e+watch+movie
64,Sunset Blvd,https://www.google.com/search?&q=sunset+blvd+watch+movie
65,Spider-Man: Into the Spider-Verse,https://www.google.com/search?&q=spider-man+into+the+spider-verse+watch+movie
66,Princess Mononoke,https://www.google.com/search?&q=princess+mononoke+watch+movie
67,Dr,https://www.google.com/search?&q=dr+watch+movie
68,Oldboy,https://www.google.com/search?&q=oldboy+watch+movie
69,Witness for the Prosecution,https://www.google.com/search?&q=witness+for+the+prosecution+watch+movie
70,Anand,https://www.google.com/search?&q=anand+watch+movie
71,Avengers: Endgame,https://www.google.com/search?&q=avengers+endgame+watch+movie
72,The Dark Knight Rises,https://www.google.com/search?&q=the+dark+knight+rises+watch+movie
73,Once Upon a Time in America,https://www.google.com/search?&q=once+upon+a+time+in+america+watch+movie
74,Aliens,https://www.google.com/search?&q=aliens+watch+movie
75,Your Name,https://www.google.com/search?&q=your+name+watch+movie
76,Coco,https://www.google.com/search?&q=coco+watch+movie
77,American Beauty,https://www.google.com/search?&q=american+beauty+watch+movie
78,Braveheart,https://www.google.com/search?&q=braveheart+watch+movie
79,Das Boot,https://www.google.com/search?&q=das+boot+watch+movie
80,3 Idiots,https://www.google.com/search?&q=3+idiots+watch+movie
81,Toy Story,https://www.google.com/search?&q=toy+story+watch+movie
82,High and Low,https://www.google.com/search?&q=high+and+low+watch+movie
83,Taare Zameen Par,https://www.google.com/search?&q=taare+zameen+par+watch+movie
84,1917,https://www.google.com/search?&q=1917+watch+movie
85,Star Wars: Episode VI - Return of the Jedi,https://www.google.com/search?&q=star+wars+episode+vi+-+return+of+the+jedi+watch+movie
86,Amadeus,https://www.google.com/search?&q=amadeus+watch+movie
87,Reservoir Dogs,https://www.google.com/search?&q=reservoir+dogs+watch+movie
88,Inglourious Basterds,https://www.google.com/search?&q=inglourious+basterds+watch+movie
89,Good Will Hunting,https://www.google.com/search?&q=good+will+hunting+watch+movie
90,2001: A Space Odyssey,https://www.google.com/search?&q=2001+a+space+odyssey+watch+movie
91,Vertigo,https://www.google.com/search?&q=vertigo+watch+movie
92,Requiem for a Dream,https://www.google.com/search?&q=requiem+for+a+dream+watch+movie
93,M,https://www.google.com/search?&q=m+watch+movie
94,Dangal,https://www.google.com/search?&q=dangal+watch+movie
95,Eternal Sunshine of the Spotless Mind,https://www.google.com/search?&q=eternal+sunshine+of+the+spotless+mind+watch+movie
96,Citizen Kane,https://www.google.com/search?&q=citizen+kane+watch+movie
97,Capharnaüm,https://www.google.com/search?&q=capharnaüm+watch+movie
98,The Hunt,https://www.google.com/search?&q=the+hunt+watch+movie
99,Full Metal Jacket,https://www.google.com/search?&q=full+metal+jacket+watch+movie
100,North by Northwest,https://www.google.com/search?&q=north+by+northwest+watch+movie
101,A Clockwork Orange,https://www.google.com/search?&q=a+clockwork+orange+watch+movie
102,Bicycle Thieves,https://www.google.com/search?&q=bicycle+thieves+watch+movie
103,The Kid,https://www.google.com/search?&q=the+kid+watch+movie
104,Snatch,https://www.google.com/search?&q=snatch+watch+movie
105,Singin' in the Rain,https://www.google.com/search?&q=singin+in+the+rain+watch+movie
106,Scarface,https://www.google.com/search?&q=scarface+watch+movie
107,Taxi Driver,https://www.google.com/search?&q=taxi+driver+watch+movie
108,Amélie,https://www.google.com/search?&q=amélie+watch+movie
109,Lawrence of Arabia,https://www.google.com/search?&q=lawrence+of+arabia+watch+movie
110,The Sting,https://www.google.com/search?&q=the+sting+watch+movie
111,Toy Story 3,https://www.google.com/search?&q=toy+story+3+watch+movie
112,Ikiru,https://www.google.com/search?&q=ikiru+watch+movie
113,Metropolis,https://www.google.com/search?&q=metropolis+watch+movie
114,For a Few Dollars More,https://www.google.com/search?&q=for+a+few+dollars+more+watch+movie
115,A Separation,https://www.google.com/search?&q=a+separation+watch+movie
116,Double Indemnity,https://www.google.com/search?&q=double+indemnity+watch+movie
117,The Apartment,https://www.google.com/search?&q=the+apartment+watch+movie
118,Incendies,https://www.google.com/search?&q=incendies+watch+movie
119,To Kill a Mockingbird,https://www.google.com/search?&q=to+kill+a+mockingbird+watch+movie
120,Indiana Jones and the Last Crusade,https://www.google.com/search?&q=indiana+jones+and+the+last+crusade+watch+movie
121,Up,https://www.google.com/search?&q=up+watch+movie
122,L,https://www.google.com/search?&q=l+watch+movie
123,Heat,https://www.google.com/search?&q=heat+watch+movie
124,Monty Python and the Holy Grail,https://www.google.com/search?&q=monty+python+and+the+holy+grail+watch+movie
125,Rashômon,https://www.google.com/search?&q=rashômon+watch+movie
126,Die Hard,https://www.google.com/search?&q=die+hard+watch+movie
127,Yojimbo,https://www.google.com/search?&q=yojimbo+watch+movie
128,Batman Begins,https://www.google.com/search?&q=batman+begins+watch+movie
129,Come and See,https://www.google.com/search?&q=come+and+see+watch+movie
130,Green Book,https://www.google.com/search?&q=green+book+watch+movie
131,Children of Heaven,https://www.google.com/search?&q=children+of+heaven+watch+movie
132,Downfall,https://www.google.com/search?&q=downfall+watch+movie
133,Unforgiven,https://www.google.com/search?&q=unforgiven+watch+movie
134,Some Like It Hot,https://www.google.com/search?&q=some+like+it+hot+watch+movie
135,Ran,https://www.google.com/search?&q=ran+watch+movie
136,Howl's Moving Castle,https://www.google.com/search?&q=howls+moving+castle+watch+movie
137,The Great Escape,https://www.google.com/search?&q=the+great+escape+watch+movie
138,All About Eve,https://www.google.com/search?&q=all+about+eve+watch+movie
139,A Beautiful Mind,https://www.google.com/search?&q=a+beautiful+mind+watch+movie
140,Casino,https://www.google.com/search?&q=casino+watch+movie
141,Pan's Labyrinth,https://www.google.com/search?&q=pans+labyrinth+watch+movie
142,The Secret in Their Eyes,https://www.google.com/search?&q=the+secret+in+their+eyes+watch+movie
143,My Neighbor Totoro,https://www.google.com/search?&q=my+neighbor+totoro+watch+movie
144,The Wolf of Wall Street,https://www.google.com/search?&q=the+wolf+of+wall+street+watch+movie
145,"Lock, Stock and Two Smoking Barrels",https://www.google.com/search?&q=lock+stock+and+two+smoking+barrels+watch+movie
146,Raging Bull,https://www.google.com/search?&q=raging+bull+watch+movie
147,The Treasure of the Sierra Madre,https://www.google.com/search?&q=the+treasure+of+the+sierra+madre+watch+movie
148,Judgment at Nuremberg,https://www.google.com/search?&q=judgment+at+nuremberg+watch+movie
149,There Will Be Blood,https://www.google.com/search?&q=there+will+be+blood+watch+movie
150,Babam ve Oglum,https://www.google.com/search?&q=babam+ve+oglum+watch+movie
151,"Three Billboards Outside Ebbing, Missouri",https://www.google.com/search?&q=three+billboards+outside+ebbing+missouri+watch+movie
152,The Gold Rush,https://www.google.com/search?&q=the+gold+rush+watch+movie
153,Dial M for Murder,https://www.google.com/search?&q=dial+m+for+murder+watch+movie
154,Chinatown,https://www.google.com/search?&q=chinatown+watch+movie
155,V for Vendetta,https://www.google.com/search?&q=v+for+vendetta+watch+movie
156,The Seventh Seal,https://www.google.com/search?&q=the+seventh+seal+watch+movie
157,No Country for Old Men,https://www.google.com/search?&q=no+country+for+old+men+watch+movie
158,Inside Out,https://www.google.com/search?&q=inside+out+watch+movie
159,Warrior,https://www.google.com/search?&q=warrior+watch+movie
160,Shutter Island,https://www.google.com/search?&q=shutter+island+watch+movie
161,Trainspotting,https://www.google.com/search?&q=trainspotting+watch+movie
162,The Elephant Man,https://www.google.com/search?&q=the+elephant+man+watch+movie
163,The Sixth Sense,https://www.google.com/search?&q=the+sixth+sense+watch+movie
164,The Thing,https://www.google.com/search?&q=the+thing+watch+movie
165,Gone with the Wind,https://www.google.com/search?&q=gone+with+the+wind+watch+movie
166,Room,https://www.google.com/search?&q=room+watch+movie
167,Jurassic Park,https://www.google.com/search?&q=jurassic+park+watch+movie
168,Wild Strawberries,https://www.google.com/search?&q=wild+strawberries+watch+movie
169,Blade Runner,https://www.google.com/search?&q=blade+runner+watch+movie
170,The Bridge on the River Kwai,https://www.google.com/search?&q=the+bridge+on+the+river+kwai+watch+movie
171,Finding Nemo,https://www.google.com/search?&q=finding+nemo+watch+movie
172,Stalker,https://www.google.com/search?&q=stalker+watch+movie
173,On the Waterfront,https://www.google.com/search?&q=on+the+waterfront+watch+movie
174,The Third Man,https://www.google.com/search?&q=the+third+man+watch+movie
175,Fargo,https://www.google.com/search?&q=fargo+watch+movie
176,Kill Bill: Vol,https://www.google.com/search?&q=kill+bill+vol+watch+movie
177,The Truman Show,https://www.google.com/search?&q=the+truman+show+watch+movie
178,Gran Torino,https://www.google.com/search?&q=gran+torino+watch+movie
179,Tokyo Story,https://www.google.com/search?&q=tokyo+story+watch+movie
180,The Deer Hunter,https://www.google.com/search?&q=the+deer+hunter+watch+movie
181,Memories of Murder,https://www.google.com/search?&q=memories+of+murder+watch+movie
182,Relatos salvajes,https://www.google.com/search?&q=relatos+salvajes+watch+movie
183,Klaus,https://www.google.com/search?&q=klaus+watch+movie
184,The Bandit,https://www.google.com/search?&q=the+bandit+watch+movie
185,Andhadhun,https://www.google.com/search?&q=andhadhun+watch+movie
186,Mary and Max,https://www.google.com/search?&q=mary+and+max+watch+movie
187,The Big Lebowski,https://www.google.com/search?&q=the+big+lebowski+watch+movie
188,In the Name of the Father,https://www.google.com/search?&q=in+the+name+of+the+father+watch+movie
189,Gone Girl,https://www.google.com/search?&q=gone+girl+watch+movie
190,Hacksaw Ridge,https://www.google.com/search?&q=hacksaw+ridge+watch+movie
191,The Grand Budapest Hotel,https://www.google.com/search?&q=the+grand+budapest+hotel+watch+movie
192,To Be or Not to Be,https://www.google.com/search?&q=to+be+or+not+to+be+watch+movie
193,Ford v Ferrari,https://www.google.com/search?&q=ford+v+ferrari+watch+movie
194,Persona,https://www.google.com/search?&q=persona+watch+movie
195,Before Sunrise,https://www.google.com/search?&q=before+sunrise+watch+movie
196,Catch Me If You Can,https://www.google.com/search?&q=catch+me+if+you+can+watch+movie
197,The General,https://www.google.com/search?&q=the+general+watch+movie
198,How to Train Your Dragon,https://www.google.com/search?&q=how+to+train+your+dragon+watch+movie
199,Mr,https://www.google.com/search?&q=mr+watch+movie
200,Sherlock Jr,https://www.google.com/search?&q=sherlock+jr+watch+movie
201,Prisoners,https://www.google.com/search?&q=prisoners+watch+movie
202,12 Years a Slave,https://www.google.com/search?&q=12+years+a+slave+watch+movie
203,Cool Hand Luke,https://www.google.com/search?&q=cool+hand+luke+watch+movie
204,Mad Max: Fury Road,https://www.google.com/search?&q=mad+max+fury+road+watch+movie
205,Barry Lyndon,https://www.google.com/search?&q=barry+lyndon+watch+movie
206,The Wages of Fear,https://www.google.com/search?&q=the+wages+of+fear+watch+movie
207,Network,https://www.google.com/search?&q=network+watch+movie
208,Stand by Me,https://www.google.com/search?&q=stand+by+me+watch+movie
209,Into the Wild,https://www.google.com/search?&q=into+the+wild+watch+movie
210,Million Dollar Baby,https://www.google.com/search?&q=million+dollar+baby+watch+movie
211,Monty Python's Life of Brian,https://www.google.com/search?&q=monty+pythons+life+of+brian+watch+movie
212,Hachi: A Dog's Tale,https://www.google.com/search?&q=hachi+a+dogs+tale+watch+movie
213,Ben-Hur,https://www.google.com/search?&q=ben-hur+watch+movie
214,Platoon,https://www.google.com/search?&q=platoon+watch+movie
215,Rush,https://www.google.com/search?&q=rush+watch+movie
216,The Passion of Joan of Arc,https://www.google.com/search?&q=the+passion+of+joan+of+arc+watch+movie
217,Logan,https://www.google.com/search?&q=logan+watch+movie
218,Dead Poets Society,https://www.google.com/search?&q=dead+poets+society+watch+movie
219,Harry Potter and the Deathly Hallows: Part 2,https://www.google.com/search?&q=harry+potter+and+the+deathly+hallows+part+2+watch+movie
220,Andrei Rublev,https://www.google.com/search?&q=andrei+rublev+watch+movie
221,The 400 Blows,https://www.google.com/search?&q=the+400+blows+watch+movie
222,Hotel Rwanda,https://www.google.com/search?&q=hotel+rwanda+watch+movie
223,Amores Perros,https://www.google.com/search?&q=amores+perros+watch+movie
224,The Handmaiden,https://www.google.com/search?&q=the+handmaiden+watch+movie
225,Rang De Basanti,https://www.google.com/search?&q=rang+de+basanti+watch+movie
226,Spotlight,https://www.google.com/search?&q=spotlight+watch+movie
227,Nausicaä of the Valley of the Wind,https://www.google.com/search?&q=nausicaä+of+the+valley+of+the+wind+watch+movie
228,Portrait of a Lady on Fire,https://www.google.com/search?&q=portrait+of+a+lady+on+fire+watch+movie
229,Rocky,https://www.google.com/search?&q=rocky+watch+movie
230,Rebecca,https://www.google.com/search?&q=rebecca+watch+movie
231,"Monsters, Inc",https://www.google.com/search?&q=monsters+inc+watch+movie
232,La Haine,https://www.google.com/search?&q=la+haine+watch+movie
233,It Happened One Night,https://www.google.com/search?&q=it+happened+one+night+watch+movie
234,Gangs of Wasseypur,https://www.google.com/search?&q=gangs+of+wasseypur+watch+movie
235,In the Mood for Love,https://www.google.com/search?&q=in+the+mood+for+love+watch+movie
236,Before Sunset,https://www.google.com/search?&q=before+sunset+watch+movie
237,The Princess Bride,https://www.google.com/search?&q=the+princess+bride+watch+movie
238,The Help,https://www.google.com/search?&q=the+help+watch+movie
239,"Paris, Texas",https://www.google.com/search?&q=paris+texas+watch+movie
240,The Invisible Guest,https://www.google.com/search?&q=the+invisible+guest+watch+movie
241,Drishyam,https://www.google.com/search?&q=drishyam+watch+movie
242,The Terminator,https://www.google.com/search?&q=the+terminator+watch+movie
243,Ace in the Hole,https://www.google.com/search?&q=ace+in+the+hole+watch+movie
244,Kis Uykusu,https://www.google.com/search?&q=kis+uykusu+watch+movie
245,Butch Cassidy and the Sundance Kid,https://www.google.com/search?&q=butch+cassidy+and+the+sundance+kid+watch+movie
246,Lagaan: Once Upon a Time in India,https://www.google.com/search?&q=lagaan+once+upon+a+time+in+india+watch+movie
247,Aladdin,https://www.google.com/search?&q=aladdin+watch+movie
248,Akira,https://www.google.com/search?&q=akira+watch+movie
249,Bhaag milkha bhaag,https://www.google.com/search?&q=bhaag+milkha+bhaag+watch+movie
250,Three Colors: Red,https://www.google.com/search?&q=three+colors+red+watch+movie
