,imdb_id,actor
0,tt0111161,Tim Robbins
1,tt0111161,Morgan Freeman
2,tt0111161,Bob Gunton
3,tt0111161,William Sadler
4,tt0068646,Marlon Brando
5,tt0068646,Al Pacino
6,tt0068646,James Caan
7,tt0068646,Richard S. Castellano
8,tt0071562,Al Pacino
9,tt0071562,Robert Duvall
10,tt0071562,Diane Keaton
11,tt0071562,Robert De Niro
12,tt0468569,Christian Bale
13,tt0468569,Heath Ledger
14,tt0468569,Aaron Eckhart
15,tt0468569,Michael Caine
16,tt0050083,Martin Balsam
17,tt0050083,John Fiedler
18,tt0050083,Lee J. Cobb
19,tt0050083,E.G. Marshall
20,tt0108052,Liam Neeson
21,tt0108052,Ben Kingsley
22,tt0108052,Ralph Fiennes
23,tt0108052,Caroline Goodall
24,tt0167260,Noel Appleby
25,tt0167260,Ali Astin
26,tt0167260,Sean Astin
27,tt0167260,David Aston
28,tt0110912,Tim Roth
29,tt0110912,Amanda Plummer
30,tt0110912,Laura Lovelace
31,tt0110912,John Travolta
32,tt0060196,Eli Wallach
33,tt0060196,Clint Eastwood
34,tt0060196,Lee Van Cleef
35,tt0060196,Aldo Giuffrè
36,tt0120737,Alan Howard
37,tt0120737,Noel Appleby
38,tt0120737,Sean Astin
39,tt0120737,Sala Baker
40,tt0137523,Edward Norton
41,tt0137523,Brad Pitt
42,tt0137523,Meat Loaf
43,tt0137523,Zach Grenier
44,tt0109830,Tom Hanks
45,tt0109830,Rebecca Williams
46,tt0109830,Sally Field
47,tt0109830,Michael Conner Humphreys
48,tt1375666,Leonardo DiCaprio
49,tt1375666,Joseph Gordon-Levitt
50,tt1375666,Ellen Page
51,tt1375666,Tom Hardy
52,tt0080684,Mark Hamill
53,tt0080684,Harrison Ford
54,tt0080684,Carrie Fisher
55,tt0080684,Billy Dee Williams
56,tt0167261,Bruce Allpress
57,tt0167261,Sean Astin
58,tt0167261,John Bach
59,tt0167261,Sala Baker
60,tt0133093,Keanu Reeves
61,tt0133093,Laurence Fishburne
62,tt0133093,Carrie-Anne Moss
63,tt0133093,Hugo Weaving
64,tt0099685,Robert De Niro
65,tt0099685,Ray Liotta
66,tt0099685,Joe Pesci
67,tt0099685,Lorraine Bracco
68,tt0073486,Jack Nicholson
69,tt0073486,Louise Fletcher
70,tt0073486,Will Sampson
71,tt0073486,Michael Berryman
72,tt0047478,Toshirô Mifune
73,tt0047478,Takashi Shimura
74,tt0047478,Keiko Tsushima
75,tt0047478,Yukiko Shimazaki
76,tt0114369,Morgan Freeman
77,tt0114369,Andrew Kevin Walker
78,tt0114369,Daniel Zacapa
79,tt0114369,Brad Pitt
80,tt0118799,Roberto Benigni
81,tt0118799,Nicoletta Braschi
82,tt0118799,Giorgio Cantarini
83,tt0118799,Giustino Durano
84,tt0317248,Alexandre Rodrigues
85,tt0317248,Leandro Firmino
86,tt0317248,Phellipe Haagensen
87,tt0317248,Douglas Silva
88,tt0102926,Jodie Foster
89,tt0102926,Lawrence A. Bonney
90,tt0102926,Kasi Lemmons
91,tt0102926,Lawrence T. Wrentz
92,tt0038650,James Stewart
93,tt0038650,Donna Reed
94,tt0038650,Lionel Barrymore
95,tt0038650,Thomas Mitchell
96,tt0076759,Mark Hamill
97,tt0076759,Harrison Ford
98,tt0076759,Carrie Fisher
99,tt0076759,Peter Cushing
100,tt6751668,Kang-ho Song
101,tt6751668,Sun-kyun Lee
102,tt6751668,Yeo-jeong Jo
103,tt6751668,Woo-sik Choi
104,tt0120815,Tom Hanks
105,tt0120815,Tom Sizemore
106,tt0120815,Edward Burns
107,tt0120815,Barry Pepper
108,tt0245429,Rumi Hiiragi
109,tt0245429,Miyu Irino
110,tt0245429,Mari Natsuki
111,tt0245429,Takashi Naitô
112,tt0120689,Tom Hanks
113,tt0120689,David Morse
114,tt0120689,Bonnie Hunt
115,tt0120689,Michael Clarke Duncan
116,tt0816692,Ellen Burstyn
117,tt0816692,Matthew McConaughey
118,tt0816692,Mackenzie Foy
119,tt0816692,John Lithgow
120,tt0110413,Jean Reno
121,tt0110413,Gary Oldman
122,tt0110413,Natalie Portman
123,tt0110413,Danny Aiello
124,tt0114814,Stephen Baldwin
125,tt0114814,Gabriel Byrne
126,tt0114814,Benicio Del Toro
127,tt0114814,Kevin Pollak
128,tt0056058,Tatsuya Nakadai
129,tt0056058,Akira Ishihama
130,tt0056058,Shima Iwashita
131,tt0056058,Tetsurô Tanba
132,tt0110357,Rowan Atkinson
133,tt0110357,Matthew Broderick
134,tt0110357,Niketa Calame-Harris
135,tt0110357,Jim Cummings
136,tt0120586,Edward Norton
137,tt0120586,Edward Furlong
138,tt0120586,Beverly D'Angelo
139,tt0120586,Jennifer Lien
140,tt0253474,Adrien Brody
141,tt0253474,Emilia Fox
142,tt0253474,Michal Zebrowski
143,tt0253474,Ed Stoppard
144,tt0103064,Arnold Schwarzenegger
145,tt0103064,Linda Hamilton
146,tt0103064,Edward Furlong
147,tt0103064,Robert Patrick
148,tt0088763,Michael J. Fox
149,tt0088763,Christopher Lloyd
150,tt0088763,Lea Thompson
151,tt0088763,Crispin Glover
152,tt0027977,Charles Chaplin
153,tt0027977,Paulette Goddard
154,tt0027977,Henry Bergman
155,tt0027977,Tiny Sandford
156,tt0054215,Anthony Perkins
157,tt0054215,Vera Miles
158,tt0054215,John Gavin
159,tt0054215,Janet Leigh
160,tt0172495,Russell Crowe
161,tt0172495,Joaquin Phoenix
162,tt0172495,Connie Nielsen
163,tt0172495,Oliver Reed
164,tt0021749,Virginia Cherrill
165,tt0021749,Florence Lee
166,tt0021749,Harry Myers
167,tt0021749,Al Ernest Garcia
168,tt0407887,Leonardo DiCaprio
169,tt0407887,Matt Damon
170,tt0407887,Jack Nicholson
171,tt0407887,Mark Wahlberg
172,tt1675434,François Cluzet
173,tt1675434,Omar Sy
174,tt1675434,Anne Le Ny
175,tt1675434,Audrey Fleurot
176,tt2582802,Miles Teller
177,tt2582802,J.K. Simmons
178,tt2582802,Paul Reiser
179,tt2582802,Melissa Benoist
180,tt0482571,Hugh Jackman
181,tt0482571,Christian Bale
182,tt0482571,Michael Caine
183,tt0482571,Piper Perabo
184,tt0064116,Claudia Cardinale
185,tt0064116,Henry Fonda
186,tt0064116,Jason Robards
187,tt0064116,Charles Bronson
188,tt0095327,Tsutomu Tatsumi
189,tt0095327,Ayano Shiraishi
190,tt0095327,Yoshiko Shinohara
191,tt0095327,Akemi Yamaguchi
192,tt0034583,Humphrey Bogart
193,tt0034583,Ingrid Bergman
194,tt0034583,Paul Henreid
195,tt0034583,Claude Rains
196,tt7286456,Joaquin Phoenix
197,tt7286456,Robert De Niro
198,tt7286456,Zazie Beetz
199,tt7286456,Frances Conroy
200,tt0047396,James Stewart
201,tt0047396,Grace Kelly
202,tt0047396,Wendell Corey
203,tt0047396,Thelma Ritter
204,tt0095765,Antonella Attili
205,tt0095765,Enzo Cannavale
206,tt0095765,Isa Danieli
207,tt0095765,Leo Gullotta
208,tt0078748,Tom Skerritt
209,tt0078748,Sigourney Weaver
210,tt0078748,Veronica Cartwright
211,tt0078748,Harry Dean Stanton
212,tt0078788,Marlon Brando
213,tt0078788,Martin Sheen
214,tt0078788,Robert Duvall
215,tt0078788,Frederic Forrest
216,tt0209144,Guy Pearce
217,tt0209144,Carrie-Anne Moss
218,tt0209144,Joe Pantoliano
219,tt0209144,Mark Boone Junior
220,tt0082971,Harrison Ford
221,tt0082971,Karen Allen
222,tt0082971,Paul Freeman
223,tt0082971,Ronald Lacey
224,tt0032553,Charles Chaplin
225,tt0032553,Jack Oakie
226,tt0032553,Reginald Gardiner
227,tt0032553,Henry Daniell
228,tt0405094,Martina Gedeck
229,tt0405094,Ulrich Mühe
230,tt0405094,Sebastian Koch
231,tt0405094,Ulrich Tukur
232,tt1853728,Jamie Foxx
233,tt1853728,Christoph Waltz
234,tt1853728,Leonardo DiCaprio
235,tt1853728,Kerry Washington
236,tt0050825,Kirk Douglas
237,tt0050825,Ralph Meeker
238,tt0050825,Adolphe Menjou
239,tt0050825,George Macready
240,tt0081505,Jack Nicholson
241,tt0081505,Shelley Duvall
242,tt0081505,Danny Lloyd
243,tt0081505,Scatman Crothers
244,tt4154756,Robert Downey Jr.
245,tt4154756,Chris Hemsworth
246,tt4154756,Mark Ruffalo
247,tt4154756,Chris Evans
248,tt0910970,Ben Burtt
249,tt0910970,Elissa Knight
250,tt0910970,Jeff Garlin
251,tt0910970,Fred Willard
252,tt0066763,Rajesh Khanna
253,tt0066763,Amitabh Bachchan
254,tt0066763,Sumita Sanyal
255,tt0066763,Ramesh Deo
256,tt0043014,William Holden
257,tt0043014,Gloria Swanson
258,tt0043014,Erich von Stroheim
259,tt0043014,Nancy Olson
260,tt4633694,Shameik Moore
261,tt4633694,Jake Johnson
262,tt4633694,Hailee Steinfeld
263,tt4633694,Mahershala Ali
264,tt0119698,Billy Crudup
265,tt0119698,Billy Bob Thornton
266,tt0119698,Minnie Driver
267,tt0119698,John DiMaggio
268,tt0057012,Peter Sellers
269,tt0057012,George C. Scott
270,tt0057012,Sterling Hayden
271,tt0057012,Keenan Wynn
272,tt0364569,Min-sik Choi
273,tt0364569,Ji-Tae Yoo
274,tt0364569,Hye-jeong Kang
275,tt0364569,Dae-han Ji
276,tt0051201,Tyrone Power
277,tt0051201,Marlene Dietrich
278,tt0051201,Charles Laughton
279,tt0051201,Elsa Lanchester
280,tt4154796,Robert Downey Jr.
281,tt4154796,Chris Evans
282,tt4154796,Mark Ruffalo
283,tt4154796,Chris Hemsworth
284,tt1345836,Christian Bale
285,tt1345836,Gary Oldman
286,tt1345836,Tom Hardy
287,tt1345836,Joseph Gordon-Levitt
288,tt0087843,Robert De Niro
289,tt0087843,James Woods
290,tt0087843,Elizabeth McGovern
291,tt0087843,Treat Williams
292,tt0090605,Sigourney Weaver
293,tt0090605,Carrie Henn
294,tt0090605,Michael Biehn
295,tt0090605,Paul Reiser
296,tt6033368,N/A
297,tt2380307,Anthony Gonzalez
298,tt2380307,Gael García Bernal
299,tt2380307,Benjamin Bratt
300,tt2380307,Alanna Ubach
301,tt0169547,Kevin Spacey
302,tt0169547,Annette Bening
303,tt0169547,Thora Birch
304,tt0169547,Wes Bentley
305,tt0112573,James Robinson
306,tt0112573,Sean Lawlor
307,tt0112573,Sandy Nelson
308,tt0112573,James Cosmo
309,tt0082096,Jürgen Prochnow
310,tt0082096,Herbert Grönemeyer
311,tt0082096,Klaus Wennemann
312,tt0082096,Hubertus Bengsch
313,tt1187043,Aamir Khan
314,tt1187043,Madhavan
315,tt1187043,Sharman Joshi
316,tt1187043,Kareena Kapoor
317,tt0114709,Tom Hanks
318,tt0114709,Tim Allen
319,tt0114709,Don Rickles
320,tt0114709,Jim Varney
321,tt0057565,Toshirô Mifune
322,tt0057565,Tatsuya Nakadai
323,tt0057565,Kyôko Kagawa
324,tt0057565,Tatsuya Mihashi
325,tt8579674,Dean-Charles Chapman
326,tt8579674,George MacKay
327,tt8579674,Daniel Mays
328,tt8579674,Colin Firth
329,tt0086190,Mark Hamill
330,tt0086190,Harrison Ford
331,tt0086190,Carrie Fisher
332,tt0086190,Billy Dee Williams
333,tt0086879,F. Murray Abraham
334,tt0086879,Tom Hulce
335,tt0086879,Elizabeth Berridge
336,tt0086879,Roy Dotrice
337,tt0105236,Harvey Keitel
338,tt0105236,Tim Roth
339,tt0105236,Michael Madsen
340,tt0105236,Chris Penn
341,tt0361748,Brad Pitt
342,tt0361748,Mélanie Laurent
343,tt0361748,Christoph Waltz
344,tt0361748,Eli Roth
345,tt0119217,Matt Damon
346,tt0119217,Ben Affleck
347,tt0119217,Stellan Skarsgård
348,tt0119217,John Mighton
349,tt0062622,Keir Dullea
350,tt0062622,Gary Lockwood
351,tt0062622,William Sylvester
352,tt0062622,Daniel Richter
353,tt0052357,James Stewart
354,tt0052357,Kim Novak
355,tt0052357,Barbara Bel Geddes
356,tt0052357,Tom Helmore
357,tt0180093,Ellen Burstyn
358,tt0180093,Jared Leto
359,tt0180093,Jennifer Connelly
360,tt0180093,Marlon Wayans
361,tt0022100,Peter Lorre
362,tt0022100,Ellen Widmann
363,tt0022100,Inge Landgut
364,tt0022100,Otto Wernicke
365,tt5074352,Aamir Khan
366,tt5074352,Fatima Sana Shaikh
367,tt5074352,Sanya Malhotra
368,tt5074352,Sakshi Tanwar
369,tt0338013,Jim Carrey
370,tt0338013,Kate Winslet
371,tt0338013,Gerry Robert Byrne
372,tt0338013,Elijah Wood
373,tt0033467,Joseph Cotten
374,tt0033467,Dorothy Comingore
375,tt0033467,Agnes Moorehead
376,tt0033467,Ruth Warrick
377,tt2106476,Mads Mikkelsen
378,tt2106476,Thomas Bo Larsen
379,tt2106476,Annika Wedderkopp
380,tt2106476,Lasse Fogelstrøm
381,tt0093058,Matthew Modine
382,tt0093058,Adam Baldwin
383,tt0093058,Vincent D'Onofrio
384,tt0093058,R. Lee Ermey
385,tt0053125,Cary Grant
386,tt0053125,Eva Marie Saint
387,tt0053125,James Mason
388,tt0053125,Jessie Royce Landis
389,tt0066921,Malcolm McDowell
390,tt0066921,Patrick Magee
391,tt0066921,Michael Bates
392,tt0066921,Warren Clarke
393,tt0040522,Lamberto Maggiorani
394,tt0040522,Enzo Staiola
395,tt0040522,Lianella Carell
396,tt0040522,Elena Altieri
397,tt0012349,Carl Miller
398,tt0012349,Edna Purviance
399,tt0012349,Jackie Coogan
400,tt0012349,Charles Chaplin
401,tt0208092,Benicio Del Toro
402,tt0208092,Dennis Farina
403,tt0208092,Vinnie Jones
404,tt0208092,Brad Pitt
405,tt0045152,Gene Kelly
406,tt0045152,Donald O'Connor
407,tt0045152,Debbie Reynolds
408,tt0045152,Jean Hagen
409,tt0086250,Al Pacino
410,tt0086250,Steven Bauer
411,tt0086250,Michelle Pfeiffer
412,tt0086250,Mary Elizabeth Mastrantonio
413,tt0075314,Diahnne Abbott
414,tt0075314,Frank Adu
415,tt0075314,Victor Argo
416,tt0075314,Gino Ardito
417,tt0211915,Audrey Tautou
418,tt0211915,Mathieu Kassovitz
419,tt0211915,Rufus
420,tt0211915,Lorella Cravotta
421,tt0056172,Peter O'Toole
422,tt0056172,Alec Guinness
423,tt0056172,Anthony Quinn
424,tt0056172,Jack Hawkins
425,tt0070735,Paul Newman
426,tt0070735,Robert Redford
427,tt0070735,Robert Shaw
428,tt0070735,Charles Durning
429,tt0435761,Tom Hanks
430,tt0435761,Tim Allen
431,tt0435761,Joan Cusack
432,tt0435761,Ned Beatty
433,tt0017136,Alfred Abel
434,tt0017136,Gustav Fröhlich
435,tt0017136,Rudolf Klein-Rogge
436,tt0017136,Fritz Rasp
437,tt0044741,Takashi Shimura
438,tt0044741,Shin'ichi Himori
439,tt0044741,Haruo Tanaka
440,tt0044741,Minoru Chiaki
441,tt0059578,Clint Eastwood
442,tt0059578,Lee Van Cleef
443,tt0059578,Gian Maria Volontè
444,tt0059578,Mara Krupp
445,tt1832382,Payman Maadi
446,tt1832382,Leila Hatami
447,tt1832382,Sareh Bayat
448,tt1832382,Shahab Hosseini
449,tt0036775,Fred MacMurray
450,tt0036775,Barbara Stanwyck
451,tt0036775,Edward G. Robinson
452,tt0036775,Porter Hall
453,tt0053604,Jack Lemmon
454,tt0053604,Shirley MacLaine
455,tt0053604,Fred MacMurray
456,tt0053604,Ray Walston
457,tt1255953,Mustafa Kamel
458,tt1255953,Hussein Sami
459,tt1255953,Rémy Girard
460,tt1255953,Mélissa Désormeaux-Poulin
461,tt0056592,Gregory Peck
462,tt0056592,John Megna
463,tt0056592,Frank Overton
464,tt0056592,Rosemary Murphy
465,tt0097576,Harrison Ford
466,tt0097576,Sean Connery
467,tt0097576,Denholm Elliott
468,tt0097576,Alison Doody
469,tt1049413,Edward Asner
470,tt1049413,Christopher Plummer
471,tt1049413,Jordan Nagai
472,tt1049413,Bob Peterson
473,tt2095684,Aris Servetalis
474,tt2095684,Makis Papadimitriou
475,tt2095684,Lefteris Matthaiou
476,tt2095684,Nota Tserniafski
477,tt0113277,Al Pacino
478,tt0113277,Robert De Niro
479,tt0113277,Val Kilmer
480,tt0113277,Jon Voight
481,tt0071853,Graham Chapman
482,tt0071853,John Cleese
483,tt0071853,Eric Idle
484,tt0071853,Terry Gilliam
485,tt2759632,Omenosuke Ichikawa
486,tt2759632,Setsuko Kai
487,tt2759632,Yoshiko Kashiwa
488,tt2759632,Yuzuru Kume
489,tt0095016,Bruce Willis
490,tt0095016,Bonnie Bedelia
491,tt0095016,Reginald VelJohnson
492,tt0095016,Paul Gleason
493,tt0055630,Toshirô Mifune
494,tt0055630,Tatsuya Nakadai
495,tt0055630,Yôko Tsukasa
496,tt0055630,Isuzu Yamada
497,tt0372784,Christian Bale
498,tt0372784,Michael Caine
499,tt0372784,Liam Neeson
500,tt0372784,Katie Holmes
501,tt0091251,Aleksey Kravchenko
502,tt0091251,Olga Mironova
503,tt0091251,Liubomiras Laucevicius
504,tt0091251,Vladas Bagdonas
505,tt6966692,Viggo Mortensen
506,tt6966692,Mahershala Ali
507,tt6966692,Linda Cardellini
508,tt6966692,Sebastian Maniscalco
509,tt0118849,Mohammad Amir Naji
510,tt0118849,Amir Farrokh Hashemian
511,tt0118849,Bahare Seddiqi
512,tt0118849,Nafise Jafar-Mohammadi
513,tt0363163,Bruno Ganz
514,tt0363163,Alexandra Maria Lara
515,tt0363163,Corinna Harfouch
516,tt0363163,Ulrich Matthes
517,tt0105695,Clint Eastwood
518,tt0105695,Gene Hackman
519,tt0105695,Morgan Freeman
520,tt0105695,Richard Harris
521,tt0053291,Marilyn Monroe
522,tt0053291,Tony Curtis
523,tt0053291,Jack Lemmon
524,tt0053291,George Raft
525,tt0347149,Chieko Baishô
526,tt0347149,Takuya Kimura
527,tt0347149,Akihiro Miwa
528,tt0347149,Tatsuya Gashûin
529,tt0089881,Tatsuya Nakadai
530,tt0089881,Akira Terao
531,tt0089881,Jinpachi Nezu
532,tt0089881,Daisuke Ryû
533,tt0057115,Steve McQueen
534,tt0057115,James Garner
535,tt0057115,Richard Attenborough
536,tt0057115,James Donald
537,tt0042192,Bette Davis
538,tt0042192,Anne Baxter
539,tt0042192,George Sanders
540,tt0042192,Celeste Holm
541,tt0268978,Russell Crowe
542,tt0268978,Ed Harris
543,tt0268978,Jennifer Connelly
544,tt0268978,Christopher Plummer
545,tt0112641,Robert De Niro
546,tt0112641,Sharon Stone
547,tt0112641,Joe Pesci
548,tt0112641,James Woods
549,tt0457430,Ivana Baquero
550,tt0457430,Sergi López
551,tt0457430,Maribel Verdú
552,tt0457430,Doug Jones
553,tt0096283,Noriko Hidaka
554,tt0096283,Chika Sakamoto
555,tt0096283,Shigesato Itoi
556,tt0096283,Sumi Shimamoto
557,tt1305806,Soledad Villamil
558,tt1305806,Ricardo Darín
559,tt1305806,Carla Quevedo
560,tt1305806,Pablo Rago
561,tt0081398,Robert De Niro
562,tt0081398,Cathy Moriarty
563,tt0081398,Joe Pesci
564,tt0081398,Frank Vincent
565,tt0120735,Jason Flemyng
566,tt0120735,Dexter Fletcher
567,tt0120735,Nick Moran
568,tt0120735,Jason Statham
569,tt0993846,Leonardo DiCaprio
570,tt0993846,Jonah Hill
571,tt0993846,Margot Robbie
572,tt0993846,Matthew McConaughey
573,tt0055031,Spencer Tracy
574,tt0055031,Burt Lancaster
575,tt0055031,Richard Widmark
576,tt0055031,Marlene Dietrich
577,tt0040897,Humphrey Bogart
578,tt0040897,Walter Huston
579,tt0040897,Tim Holt
580,tt0040897,Bruce Bennett
581,tt0469494,Daniel Day-Lewis
582,tt0469494,Martin Stringer
583,tt0469494,Matthew Braden Stringer
584,tt0469494,Jacob Stringer
585,tt5027774,Frances McDormand
586,tt5027774,Caleb Landry Jones
587,tt5027774,Kerry Condon
588,tt5027774,Sam Rockwell
589,tt0015864,Charles Chaplin
590,tt0015864,Mack Swain
591,tt0015864,Tom Murray
592,tt0015864,Henry Bergman
593,tt0071315,Jack Nicholson
594,tt0071315,Faye Dunaway
595,tt0071315,John Huston
596,tt0071315,Perry Lopez
597,tt0046912,Ray Milland
598,tt0046912,Grace Kelly
599,tt0046912,Robert Cummings
600,tt0046912,John Williams
601,tt0434409,Natalie Portman
602,tt0434409,Hugo Weaving
603,tt0434409,Stephen Rea
604,tt0434409,Stephen Fry
605,tt0050976,Gunnar Björnstrand
606,tt0050976,Bengt Ekerot
607,tt0050976,Nils Poppe
608,tt0050976,Max von Sydow
609,tt0477348,Tommy Lee Jones
610,tt0477348,Javier Bardem
611,tt0477348,Josh Brolin
612,tt0477348,Woody Harrelson
613,tt2096673,Amy Poehler
614,tt2096673,Phyllis Smith
615,tt2096673,Richard Kind
616,tt2096673,Bill Hader
617,tt1291584,Joel Edgerton
618,tt1291584,Tom Hardy
619,tt1291584,Nick Nolte
620,tt1291584,Jennifer Morrison
621,tt1130884,Leonardo DiCaprio
622,tt1130884,Mark Ruffalo
623,tt1130884,Ben Kingsley
624,tt1130884,Max von Sydow
625,tt0117951,Ewan McGregor
626,tt0117951,Ewen Bremner
627,tt0117951,Jonny Lee Miller
628,tt0117951,Kevin McKidd
629,tt0080678,Anthony Hopkins
630,tt0080678,John Hurt
631,tt0080678,Anne Bancroft
632,tt0080678,John Gielgud
633,tt0167404,Bruce Willis
634,tt0167404,Haley Joel Osment
635,tt0167404,Toni Collette
636,tt0167404,Olivia Williams
637,tt0084787,Kurt Russell
638,tt0084787,Wilford Brimley
639,tt0084787,T.K. Carter
640,tt0084787,David Clennon
641,tt0031381,Thomas Mitchell
642,tt0031381,Barbara O'Neil
643,tt0031381,Vivien Leigh
644,tt0031381,Evelyn Keyes
645,tt3170832,Brie Larson
646,tt3170832,Jacob Tremblay
647,tt3170832,Sean Bridgers
648,tt3170832,Wendy Crewson
649,tt0107290,Sam Neill
650,tt0107290,Laura Dern
651,tt0107290,Jeff Goldblum
652,tt0107290,Richard Attenborough
653,tt0050986,Victor Sjöström
654,tt0050986,Bibi Andersson
655,tt0050986,Ingrid Thulin
656,tt0050986,Gunnar Björnstrand
657,tt0083658,Harrison Ford
658,tt0083658,Rutger Hauer
659,tt0083658,Sean Young
660,tt0083658,Edward James Olmos
661,tt0050212,William Holden
662,tt0050212,Alec Guinness
663,tt0050212,Jack Hawkins
664,tt0050212,Sessue Hayakawa
665,tt0266543,Albert Brooks
666,tt0266543,Ellen DeGeneres
667,tt0266543,Alexander Gould
668,tt0266543,Willem Dafoe
669,tt0079944,Alisa Freyndlikh
670,tt0079944,Aleksandr Kaydanovskiy
671,tt0079944,Anatoliy Solonitsyn
672,tt0079944,Nikolay Grinko
673,tt0047296,Marlon Brando
674,tt0047296,Karl Malden
675,tt0047296,Lee J. Cobb
676,tt0047296,Rod Steiger
677,tt0041959,Joseph Cotten
678,tt0041959,Alida Valli
679,tt0041959,Orson Welles
680,tt0041959,Trevor Howard
681,tt0116282,William H. Macy
682,tt0116282,Steve Buscemi
683,tt0116282,Peter Stormare
684,tt0116282,Kristin Rudrüd
685,tt0266697,Uma Thurman
686,tt0266697,Lucy Liu
687,tt0266697,Vivica A. Fox
688,tt0266697,Daryl Hannah
689,tt0120382,Jim Carrey
690,tt0120382,Laura Linney
691,tt0120382,Noah Emmerich
692,tt0120382,Natascha McElhone
693,tt1205489,Clint Eastwood
694,tt1205489,Christopher Carley
695,tt1205489,Bee Vang
696,tt1205489,Ahney Her
697,tt0046438,Chishû Ryû
698,tt0046438,Chieko Higashiyama
699,tt0046438,Setsuko Hara
700,tt0046438,Haruko Sugimura
701,tt0077416,Robert De Niro
702,tt0077416,John Cazale
703,tt0077416,John Savage
704,tt0077416,Christopher Walken
705,tt0353969,Kang-ho Song
706,tt0353969,Sang-kyung Kim
707,tt0353969,Roe-ha Kim
708,tt0353969,Jae-ho Song
709,tt4729430,Jason Schwartzman
710,tt4729430,J.K. Simmons
711,tt4729430,Rashida Jones
712,tt4729430,Will Sasso
713,tt8108198,Ayushmann Khurrana
714,tt8108198,Tabu
715,tt8108198,Radhika Apte
716,tt8108198,Anil Dhawan
717,tt0116231,Sener Sen
718,tt0116231,Ugur Yücel
719,tt0116231,Sermin Hürmeriç
720,tt0116231,Yesim Salkim
721,tt0118715,Jeff Bridges
722,tt0118715,John Goodman
723,tt0118715,Julianne Moore
724,tt0118715,Steve Buscemi
725,tt0978762,Christopher Massey
726,tt0978762,Oliver Marks
727,tt0978762,Daisy Kocher
728,tt0978762,Daniel Marks
729,tt0107207,Alison Crosbie
730,tt0107207,Daniel Day-Lewis
731,tt0107207,Philip King
732,tt0107207,Emma Thompson
733,tt2267998,Ben Affleck
734,tt2267998,Rosamund Pike
735,tt2267998,Neil Patrick Harris
736,tt2267998,Tyler Perry
737,tt2119532,Andrew Garfield
738,tt2119532,Richard Pyros
739,tt2119532,Jacob Warner
740,tt2119532,Milo Gibson
741,tt0035446,Carole Lombard
742,tt0035446,Jack Benny
743,tt0035446,Robert Stack
744,tt0035446,Felix Bressart
745,tt2278388,Ralph Fiennes
746,tt2278388,F. Murray Abraham
747,tt2278388,Mathieu Amalric
748,tt2278388,Adrien Brody
749,tt1950186,Matt Damon
750,tt1950186,Christian Bale
751,tt1950186,Jon Bernthal
752,tt1950186,Caitriona Balfe
753,tt0060827,Bibi Andersson
754,tt0060827,Liv Ullmann
755,tt0060827,Margaretha Krook
756,tt0060827,Gunnar Björnstrand
757,tt0112471,Ethan Hawke
758,tt0112471,Julie Delpy
759,tt0112471,Andrea Eckert
760,tt0112471,Hanno Pöschl
761,tt0264464,Leonardo DiCaprio
762,tt0264464,Tom Hanks
763,tt0264464,Christopher Walken
764,tt0264464,Martin Sheen
765,tt0892769,Jay Baruchel
766,tt0892769,Gerard Butler
767,tt0892769,Craig Ferguson
768,tt0892769,America Ferrera
769,tt0017925,Marion Mack
770,tt0017925,Glen Cavender
771,tt0017925,Jim Farley
772,tt0017925,Frederick Vroom
773,tt0356910,Brad Pitt
774,tt0356910,Angelina Jolie
775,tt0356910,Vince Vaughn
776,tt0356910,Adam Brody
777,tt0015324,Buster Keaton
778,tt0015324,Kathryn McGuire
779,tt0015324,Joe Keaton
780,tt0015324,Erwin Connelly
781,tt1392214,Hugh Jackman
782,tt1392214,Jake Gyllenhaal
783,tt1392214,Viola Davis
784,tt1392214,Maria Bello
785,tt2024544,Chiwetel Ejiofor
786,tt2024544,Dwight Henry
787,tt2024544,Dickie Gravois
788,tt2024544,Bryan Batt
789,tt0061512,Paul Newman
790,tt0061512,George Kennedy
791,tt0061512,J.D. Cannon
792,tt0061512,Lou Antonio
793,tt1392190,Tom Hardy
794,tt1392190,Charlize Theron
795,tt1392190,Nicholas Hoult
796,tt1392190,Hugh Keays-Byrne
797,tt0072684,Ryan O'Neal
798,tt0072684,Marisa Berenson
799,tt0072684,Patrick Magee
800,tt0072684,Hardy Krüger
801,tt0074958,Faye Dunaway
802,tt0074958,William Holden
803,tt0074958,Peter Finch
804,tt0074958,Robert Duvall
805,tt0046268,Yves Montand
806,tt0046268,Charles Vanel
807,tt0046268,Folco Lulli
808,tt0046268,Peter van Eyck
809,tt0092005,Wil Wheaton
810,tt0092005,River Phoenix
811,tt0092005,Corey Feldman
812,tt0092005,Jerry O'Connell
813,tt0758758,Emile Hirsch
814,tt0758758,Marcia Gay Harden
815,tt0758758,William Hurt
816,tt0758758,Jena Malone
817,tt0405159,Clint Eastwood
818,tt0405159,Hilary Swank
819,tt0405159,Morgan Freeman
820,tt0405159,Jay Baruchel
821,tt0079470,Graham Chapman
822,tt0079470,John Cleese
823,tt0079470,Terry Gilliam
824,tt0079470,Eric Idle
825,tt1028532,Richard Gere
826,tt1028532,Joan Allen
827,tt1028532,Cary-Hiroyuki Tagawa
828,tt1028532,Sarah Roemer
829,tt0091763,Keith David
830,tt0091763,Forest Whitaker
831,tt0091763,Francesco Quinn
832,tt0091763,Kevin Dillon
833,tt0052618,Charlton Heston
834,tt0052618,Jack Hawkins
835,tt0052618,Haya Harareet
836,tt0052618,Stephen Boyd
837,tt1979320,Chris Hemsworth
838,tt1979320,Daniel Brühl
839,tt1979320,Olivia Wilde
840,tt1979320,Alexandra Maria Lara
841,tt0019254,Maria Falconetti
842,tt0019254,Eugene Silvain
843,tt0019254,André Berley
844,tt0019254,Maurice Schutz
845,tt3315342,Hugh Jackman
846,tt3315342,Patrick Stewart
847,tt3315342,Dafne Keen
848,tt3315342,Boyd Holbrook
849,tt0097165,Robin Williams
850,tt0097165,Robert Sean Leonard
851,tt0097165,Ethan Hawke
852,tt0097165,Josh Charles
853,tt1201607,Ralph Fiennes
854,tt1201607,Michael Gambon
855,tt1201607,Alan Rickman
856,tt1201607,Daniel Radcliffe
857,tt0060107,Anatoliy Solonitsyn
858,tt0060107,Ivan Lapikov
859,tt0060107,Nikolay Grinko
860,tt0060107,Nikolay Sergeev
861,tt0053198,Jean-Pierre Léaud
862,tt0053198,Claire Maurier
863,tt0053198,Albert Rémy
864,tt0053198,Guy Decomble
865,tt0395169,Xolani Mali
866,tt0395169,Don Cheadle
867,tt0395169,Desmond Dube
868,tt0395169,Hakeem Kae-Kazim
869,tt0245712,Emilio Echevarría
870,tt0245712,Gael García Bernal
871,tt0245712,Goya Toledo
872,tt0245712,Álvaro Guerrero
873,tt0405508,Aamir Khan
874,tt0405508,Siddharth
875,tt0405508,Sharman Joshi
876,tt0405508,Kunal Kapoor
877,tt1895587,Mark Ruffalo
878,tt1895587,Michael Keaton
879,tt1895587,Rachel McAdams
880,tt1895587,Liev Schreiber
881,tt0087544,Sumi Shimamoto
882,tt0087544,Mahito Tsujimura
883,tt0087544,Hisako Kyôda
884,tt0087544,Gorô Naya
885,tt4016934,Min-hee Kim
886,tt4016934,Tae-ri Kim
887,tt4016934,Jung-woo Ha
888,tt4016934,Jin-woong Cho
889,tt8613070,Noémie Merlant
890,tt8613070,Adèle Haenel
891,tt8613070,Luàna Bajrami
892,tt8613070,Valeria Golino
893,tt0075148,Sylvester Stallone
894,tt0075148,Talia Shire
895,tt0075148,Burt Young
896,tt0075148,Carl Weathers
897,tt0032976,Laurence Olivier
898,tt0032976,Joan Fontaine
899,tt0032976,George Sanders
900,tt0032976,Judith Anderson
901,tt0198781,John Goodman
902,tt0198781,Billy Crystal
903,tt0198781,Mary Gibbs
904,tt0198781,Steve Buscemi
905,tt0113247,Vincent Cassel
906,tt0113247,Hubert Koundé
907,tt0113247,Saïd Taghmaoui
908,tt0113247,Abdel Ahmed Ghili
909,tt0025316,Clark Gable
910,tt0025316,Claudette Colbert
911,tt0025316,Walter Connolly
912,tt0025316,Roscoe Karns
913,tt1954470,Manoj Bajpayee
914,tt1954470,Richa Chadha
915,tt1954470,Nawazuddin Siddiqui
916,tt1954470,Tigmanshu Dhulia
917,tt0118694,Maggie Cheung
918,tt0118694,Tony Chiu-Wai Leung
919,tt0118694,Ping Lam Siu
920,tt0118694,Tung Cho 'Joe' Cheung
921,tt0381681,Ethan Hawke
922,tt0381681,Julie Delpy
923,tt0381681,Vernon Dobtcheff
924,tt0381681,Louise Lemoine Torrès
925,tt0093779,Cary Elwes
926,tt0093779,Mandy Patinkin
927,tt0093779,Chris Sarandon
928,tt0093779,Christopher Guest
929,tt1454029,Emma Stone
930,tt1454029,Viola Davis
931,tt1454029,Bryce Dallas Howard
932,tt1454029,Octavia Spencer
933,tt0087884,Harry Dean Stanton
934,tt0087884,Nastassja Kinski
935,tt0087884,Dean Stockwell
936,tt0087884,Aurore Clément
937,tt4857264,Mario Casas
938,tt4857264,Ana Wagener
939,tt4857264,Jose Coronado
940,tt4857264,Bárbara Lennie
941,tt4430212,Ajay Devgn
942,tt4430212,Shriya Saran
943,tt4430212,Tabu
944,tt4430212,Rajat Kapoor
945,tt0088247,Arnold Schwarzenegger
946,tt0088247,Michael Biehn
947,tt0088247,Linda Hamilton
948,tt0088247,Paul Winfield
949,tt0043338,Kirk Douglas
950,tt0043338,Jan Sterling
951,tt0043338,Robert Arthur
952,tt0043338,Porter Hall
953,tt0169102,Aamir Khan
954,tt0169102,Gracy Singh
955,tt0169102,Rachel Shelley
956,tt0169102,Paul Blackthorne
957,tt0064115,Paul Newman
958,tt0064115,Robert Redford
959,tt0064115,Katharine Ross
960,tt0064115,Strother Martin
961,tt0103639,Scott Weinger
962,tt0103639,Robin Williams
963,tt0103639,Linda Larkin
964,tt0103639,Jonathan Freeman
965,tt2338151,Aamir Khan
966,tt2338151,Anushka Sharma
967,tt2338151,Saurabh Shukla
968,tt2338151,Sanjay Dutt
969,tt0094625,Mitsuo Iwata
970,tt0094625,Nozomu Sasaki
971,tt0094625,Mami Koyama
972,tt0094625,Tesshô Genda
973,tt0050613,Toshirô Mifune
974,tt0050613,Isuzu Yamada
975,tt0050613,Takashi Shimura
976,tt0050613,Akira Kubo
